Id,Id2,City_State,Population,NoHighSchoolDiploma,HighSchoolDiploma,SomeCollegeAssoc,BachelorsOrhigher,MedianIncome,EnglishOnly,LanguageNotEnglish,Spanish,AsianLanguages,AllAvailableUnits,Median_Rent
310M200US10180,10180,"Abilene, TX",167171,13.3,30,48.6,8.1,30303,84.6,15.4,12.4,0.9,9831,400-449
310M200US10420,10420,"Akron, OH",703017,11.6,27.6,50.9,9.8,35826,94.6,5.4,1.1,1.3,31241,550-599
310M200US10500,10500,"Albany, GA",156706,23.6,28.1,44.1,4.2,29228,96.5,3.5,2.1,0.3,8007,450-499
310M200US10540,10540,"Albany, NY",118270,18.1,33.4,44.5,4.1,30053,92.9,7.1,5.1,0.6,4046,650-699
310M200US10580,10580,"Albany, OR",875567,9,26.3,50.1,14.5,41881,91.1,8.9,2.8,1.8,47706,800-899
310M200US10740,10740,"Albuquerque, NM",899137,18.4,27.8,47.6,6.2,34173,69.1,30.9,25.1,1.4,33307,1000-1249
310M200US10780,10780,"Alexandria, LA",154562,19.1,39.5,37.8,3.7,30754,94,6,2.9,0.9,10498,400-449
310M200US10900,10900,"Allentown, PA",826260,12.3,31.6,46.2,9.9,38245,84.1,15.9,9.9,1.2,29571,800-899
310M200US11020,11020,"Altoona, PA",126708,9.1,42,40.4,8.4,30568,97.1,2.9,1,0.5,5263,450-499
310M200US11100,11100,"Amarillo, TX",257038,17.9,28.4,48.5,5.2,33928,79.9,20.1,16.4,2.3,9654,500-549
310M200US11180,11180,"Ames, IA",91939,1.6,10.4,75,13.1,39564,90.4,9.6,2.3,4.5,1684,600-649
310M200US11260,11260,"Anchorage, AK",392021,15.5,37.2,41.4,5.9,46234,84.7,15.3,4,6.8,18811,800-899
310M200US11460,11460,"Ann Arbor, MI",351454,5.3,14.3,63,17.5,41761,85.7,14.3,2.7,5.5,11635,800-899
310M200US11500,11500,"Anniston, AL",117186,15.8,30.3,49.6,4.3,29220,95.7,4.3,2.9,0.6,7958,300-349
310M200US11540,11540,"Appleton, WI",228641,13,34.2,43.2,9.6,39006,93.2,6.8,3.4,2.2,5242,550-599
310M200US11700,11700,"Arlington, VA",433204,18.7,28.5,44.1,8.6,30316,92.7,7.3,5,0.6,33796,650-699
310M200US12020,12020,"Asheville, NC",196287,6.2,23.5,57.4,12.9,31175,89.2,10.8,6.8,2,13184,500-549
310M200US12060,12060,"Athens, GA",5455053,18.4,29.5,42.6,9.5,37321,82.5,17.5,9.3,3.3,252315,800-899
310M200US12100,12100,"Atlanta, GA",275325,12.5,32.3,46.3,8.9,34137,73.5,26.5,14.9,4.1,25938,800-899
310M200US12220,12220,"Atlantic City, NJ",147790,7.5,16.8,65.4,10.4,35099,92.5,7.5,3.2,2.5,7621,500-549
310M200US12260,12260,"Auburn, AL",575669,21.2,34.4,37.5,7,32586,93.6,6.4,3.4,1.2,36790,550-599
310M200US12420,12420,"Augusta, GA",1835016,13.1,23.7,51.9,11.2,38750,72.2,27.8,21.7,3.1,58065,1000-1249
310M200US12540,12540,"Austin, TX",857730,20.9,35.5,40,3.6,30127,57.4,42.6,37.8,2.6,30038,650-699
310M200US12580,12580,"Bakersfield, CA",2753396,11.9,29.9,45,13.3,46977,88.5,11.5,3.9,2.9,108076,1000-1249
310M200US12620,12620,"Baltimore, MD",153627,9.8,22.3,59.1,8.7,31850,95.7,4.3,0.7,0.7,11901,800-899
310M200US12700,12700,"Bangor, ME",215167,11.4,36.8,40.9,10.8,38587,92,8,1.6,0.7,66582,900-999
310M200US12940,12940,"Barnstable, MA",814805,16.3,26.1,48.6,9.1,37565,93.5,6.5,3,1.4,36948,800-899
310M200US12980,12980,"Baton Rouge, LA",135150,17.1,32.1,45,5.8,31473,94.2,5.8,3,1.6,7990,500-549
310M200US13020,13020,"Battle Creek, MI",107074,14,34.2,44.5,7.3,31966,96.9,3.1,1.4,0.3,4388,500-549
310M200US13140,13140,"Bay City, MI",404741,18.4,38.1,38.4,5,32621,85.4,14.6,11,1.9,22406,500-549
310M200US13220,13220,"Beaumont, TX",124536,16.7,41.2,35.6,6.4,30673,97,3,1.5,0.3,8809,400-449
310M200US13380,13380,"Beckley, WV",204855,10,21.2,61.6,7.2,34525,87.7,12.3,5.6,2.5,11610,1000-1249
310M200US13460,13460,"Bellingham, WA",163141,15.7,28.5,50.1,5.7,30451,93.3,6.7,4.7,0.8,16028,650-699
310M200US13740,13740,"Bend, OR",162892,16.2,38.3,38.1,7.4,32360,96.3,3.7,1.5,0.5,6022,400-449
310M200US13780,13780,"Billings, MT",249261,10.2,27.7,50.5,11.6,33310,91.9,8.1,2,1.9,12709,500-549
310M200US13820,13820,"Binghamton, NY",1135534,16,30.4,44.5,9.2,35652,94.2,5.8,3.9,0.7,67706,500-549
310M200US13900,13900,"Birmingham, AL",120688,7.7,28.9,53.9,9.5,38960,95.1,4.9,1,0.4,3185,Margin of Error; Total: - $550 to $599
310M200US13980,13980,"Bismarck, ND",179908,3.9,16.2,69.4,10.5,33887,92.5,7.5,1.8,2.4,10184,350-399
310M200US14010,14010,"Blacksburg, VA",188851,6.9,16.2,66.3,10.7,40997,92.6,7.4,2.5,2.2,6843,600-649
310M200US14020,14020,"Bloomington, IL",162422,4.8,20.2,63.4,11.6,31776,90.5,9.5,2.1,4.1,7219,800-899
310M200US14100,14100,"Bloomington, IN",85564,8,30.6,54.5,6.8,33754,96,4,1.3,0.8,3815,500-549
310M200US14260,14260,"Bloomsburg, PA",639616,14.1,33.8,43.6,8.5,31718,88.3,11.7,8.2,1.4,17837,900-999
310M200US14460,14460,"Boise City, ID",4650876,10.2,26.6,45,18.2,47611,76.8,23.2,8.1,4.8,125835,1000-1249
310M200US14500,14500,"Boston, MA",305166,5.7,17.9,59.7,16.7,42120,83.8,16.2,9.6,2.4,7074,1000-1249
310M200US14540,14540,"Boulder, CO",162322,9.6,30.6,52.8,7,31265,91.1,8.9,3.4,1.7,7347,400-449
310M200US14740,14740,"Bowling, KY",253614,13.2,38.7,41.8,6.4,40994,91.5,8.5,2.8,3.8,10289,1000-1249
310M200US14860,14860,"Bremerton, WA",934215,15.4,27.8,40.5,16.3,49036,71.6,28.4,14.9,2.7,29114,1000-1249
310M200US15180,15180,"Bridgeport, CT",415103,24.1,32,40.8,3.1,23386,26,74,73.1,0.4,24485,400-449
310M200US15260,15260,"Brownsville, TX",113572,18.9,42.9,33.8,4.5,29504,92.7,7.3,5.1,1.1,15221,500-549
310M200US15380,15380,"Brunswick, GA",1135667,11,27.4,47.4,14.2,37201,91.1,8.9,2.8,1.5,49686,500-549
310M200US15500,15500,"Buffalo, NY",153713,19.2,25.6,48.3,6.9,30963,87.8,12.2,10,0.8,6441,500-549
310M200US15540,15540,"Burlington, NC",213891,7.2,18.9,59.2,14.6,39632,92.8,7.2,1.1,1.2,8557,1000-1249
310M200US15680,15680,"Burlington, VY",108472,14.9,27.8,47.7,9.6,51944,93,7,2.8,1.7,4383,1250-1499
310M200US15940,15940,"California, MD",403629,14.3,32.4,45.8,7.5,31692,96.4,3.6,1.2,0.4,18236,450-499
310M200US15980,15980,"Canton, OH",647554,20.4,33.3,40.6,5.7,28703,78.6,21.4,15.7,0.9,126708,800-899
310M200US16020,16020,"Cape Coral, FL",97246,11.8,24.3,56.4,7.5,31126,96.8,3.2,1.1,0.7,5306,500-549
310M200US16060,16060,"Cape Girardeau, MI",126933,6.6,25,59.4,9,30355,94,6,2.1,1.4,9007,500-549
310M200US16180,16180,"Carbondale, IL",54634,16.7,35.2,43.2,4.9,31802,79.5,20.5,17.1,1.3,2275,500-549
310M200US16220,16220,"Carson City, NY",78667,16.8,34,44.6,4.6,36761,94.4,5.6,4,0.5,3110,Margin of Error; Total: - $650 to $699
310M200US16300,16300,"Casper, WY",261429,12.2,25.5,52.5,9.8,39233,95.8,4.2,1.8,0.9,8088,400-449
310M200US16540,16540,"Cedar Rapids, IA",151517,18.7,44.2,29.9,7.2,35474,92.7,7.3,4.3,0.6,5481,900-999
310M200US16580,16580,"Chambersburg, PA",234672,5.2,15.5,64.7,14.5,35508,85.9,14.1,3.8,6.3,10084,600-649
310M200US16620,16620,"Champaign, IL",225248,21,33,37.9,8,33590,98,2,0.6,0.5,12477,550-599
310M200US16700,16700,"Charleston, SC",697281,14.3,27.7,47.4,10.7,35022,92.9,7.1,4.3,1.2,40437,800-899
310M200US16740,16740,"Charleston, WV",2298915,17.6,28.8,43.8,9.8,35668,87.2,12.8,8.2,1.8,93805,500-549
310M200US16820,16820,"Charlotte, NC",223063,7.3,29,49.3,14.4,39084,90.6,9.4,3.6,2.4,13231,1000-1249
310M200US16860,16860,"Charlottesville, VA",537397,16,30.5,47.1,6.4,32380,95,5,2.7,0.9,27119,550-599
310M200US16940,16940,"Chattanooga, TN",94412,13.1,32.3,47.2,7.4,38099,93.4,6.6,4.6,0.9,3607,650-699
310M200US16980,16980,"Cheyenne, WY",9516448,15,28.6,42.7,13.7,40318,71.2,28.8,17.1,3.4,360695,800-899
310M200US17020,17020,"Chicago, IL",221578,8.5,23.7,60.8,7.1,31330,86.7,13.3,8.2,3.3,11485,700-749
310M200US17140,17140,"Chico, CA",2131793,13,32.5,43.6,10.9,37833,94.1,5.9,2.3,1.2,97311,500-549
310M200US17300,17300,"Cincinnati, OH",270751,10.4,38.7,44.8,6.2,32399,91.2,8.8,4.4,1.6,14528,550-599
310M200US17420,17420,"Clarksville, TN",117719,12.6,36.5,45.1,5.8,29181,94.1,5.9,3.7,0.4,5667,500-549
310M200US17460,17460,"Cleveland, OH",2067490,18,29.9,40.9,11.1,36577,90.2,9.8,3.3,1.2,109160,500-549
310M200US17660,17660,"Cleveland, TN",142783,16.6,35,43.7,4.7,30312,96.9,3.1,1.2,0.4,8718,"Margin of Error; Total: - $1,500 to $1,999"
310M200US17780,17780,"Coeur d/Alene, ID",235316,5.4,13.6,69.2,11.7,32493,77.8,22.2,16.2,3.3,13379,1000-1249
310M200US17820,17820,"College Station, TX",669070,11.8,30.4,50.2,7.5,36724,88.7,11.3,6.8,1.9,19790,1000-1249
310M200US17860,17860,"Colorado Springs, CO",168268,3.9,11.6,68.7,15.8,35844,92,8,1.9,2.9,5096,650-699
310M200US17900,17900,"Columbia, MO",784698,11.6,30.4,48.7,9.3,33845,92.7,7.3,4.3,1.2,40148,550-599
310M200US17980,17980,"Columbia, SC",308363,15.4,33.9,44.8,6,31277,91.7,8.3,4.7,1.3,18766,500-549
310M200US18020,18020,"Columbus, GA",78628,21.3,41.1,27.3,10.3,36565,90.1,9.9,5.1,2.5,2764,700-749
310M200US18140,18140,"Columbus, IN",1948188,13.8,27.1,46.6,12.5,38232,90.9,9.1,2.7,2.1,80842,500-549
310M200US18580,18580,"Columbus, OH",437528,17.5,33.9,41.6,6.9,31734,62,38,35.7,1.1,27695,800-899
310M200US18700,18700,"Corpus Christi, TX",86034,3.9,12.6,72.9,10.6,34215,87.2,12.8,5.6,3.9,3325,900-999
310M200US18880,18880,"Corvallis, OR",246805,14.8,33.7,44.8,6.6,31947,90.6,9.4,5.5,1.9,43438,1000-1249
310M200US19060,19060,"Crestview, FL",101888,11,32.7,51.7,4.5,30537,96.3,3.7,1.5,0.5,6728,500-549
310M200US19100,19100,"Cumberland, MD",6703020,18.3,30,42.4,9.3,38748,70,30,22.6,3.6,211785,800-899
310M200US19140,19140,"Dallas, TX",142548,25.2,31.8,37.4,5.6,27437,74.3,25.7,24,0.6,6891,600-649
310M200US19180,19180,"Dalton, GA",80773,18.8,39.3,36.9,5,32073,95.3,4.7,3.2,0.5,4536,350-399
310M200US19300,19300,"Danville, IL",191205,20.7,32.3,38.4,8.5,31463,94.1,5.9,3.8,0.8,32505,2000+
310M200US19340,19340,"Daphne, AL",381913,14.8,29.1,46.5,9.7,35029,92.3,7.7,4.6,1.2,13217,550-599
310M200US19380,19380,"Davenport, IA",801259,13.1,25.4,52.7,8.8,33925,94.7,5.3,1.7,1.5,40101,450-499
310M200US19460,19460,"Dayton, OH",153579,19.3,31.3,44.1,5.2,31089,93.4,6.6,5.6,0.2,7346,500-549
310M200US19500,19500,"Decatur, AL",109833,12,31.4,50.4,6.1,33479,96.2,3.8,1.6,0.8,5271,350-399
310M200US19660,19660,"Decatur, IL",597824,16.3,31.2,47.1,5.4,29685,86.5,13.5,8.6,1.1,70817,800-899
310M200US19740,19740,"Deltona, FL",2651392,17.2,28.8,40.9,13.1,41389,79.9,20.1,13.6,2.6,67403,1000-1249
310M200US19780,19780,"Denver, CO",590741,13.2,28.3,43.8,14.7,40332,89.3,10.7,5.1,2.3,16735,600-649
310M200US19820,19820,"Des Moines, IA",4292647,16.1,29.9,44.8,9.2,37434,87.6,12.4,2.8,1.8,230062,800-899
310M200US20020,20020,"Detroit, MI",147165,20.3,37.3,37.3,5.1,30176,95.9,4.1,2.7,0.6,10182,350-399
310M200US20100,20100,"Dothan, AL",167477,14.5,27.3,51.1,7.2,36382,91.2,8.8,4,1.3,7510,1000-1249
310M200US20220,20220,"Dover, DE",95166,7.7,24,58.2,10,33849,96.7,3.3,1.5,0.8,2050,400-449
310M200US20260,20260,"Dubuque, IA",279894,10.2,23.1,58.1,8.7,33276,96.1,3.9,1.2,0.6,24608,500-549
310M200US20500,20500,"Duluth, MN",525050,12.2,21.7,50.2,16,36599,83.3,16.7,10.3,3,20606,1000-1249
310M200US20700,20700,"Durham, NC",168342,10,37.4,45.6,7,34478,85.3,14.7,8.4,1.2,22908,1000-1249
310M200US20740,20740,"East Stroudsburg, PA",163658,9.1,28.1,56.3,6.5,32514,95.1,4.9,1.1,1.7,5222,450-499
310M200US20940,20940,"Eau Claire, WI",177026,21.7,27.6,48.2,2.4,27458,25.7,74.3,72.6,1,9528,1250-1499
310M200US21060,21060,"El Centro, CA",150917,11.7,43.7,39.3,5.3,32402,94,6,2.7,1.1,7218,650-699
310M200US21140,21140,"El Paso, TX",199544,27.9,35.1,33.1,3.9,31454,81.5,18.5,11.9,0.8,7413,450-499
310M200US21300,21300,"Elizabethtown, KY",88681,12.3,33.5,46.4,7.9,35770,96.1,3.9,1.4,0.6,2986,450-499
310M200US21340,21340,"Elkhart, IN",827206,15.8,31,47.7,5.5,26662,27.3,72.7,70.6,0.8,21807,1000-1249
310M200US21500,21500,"Elmira, NY",280132,11.9,31.7,46.5,9.8,31852,93.4,6.6,2.1,0.7,9806,500-549
310M200US21660,21660,"Erie, PA",354764,8.9,23.3,60.5,7.3,29824,91.4,8.6,4.9,1.7,11188,900-999
310M200US21780,21780,"Eugene, OR",313450,15.5,30.4,46.4,7.8,33756,96.4,3.6,1.6,0.8,13341,500-549
310M200US21820,21820,"Evansville, IN",99319,14,29.7,49.6,6.7,43753,90.2,9.8,3.5,2.5,5892,1500-1999
310M200US22020,22020,"Fairbanks, AK",218290,5.3,21,61.2,12.5,37371,93.1,6.9,1.4,1.1,6044,650-699
310M200US22140,22140,"Fargo, ND",127358,22.5,34.4,41.7,1.4,32374,67.4,32.6,10.5,0.3,8834,1000-1249
310M200US22180,22180,"Farmington, NM",374036,13.4,34.6,45,6.9,32440,88.5,11.5,7.3,2,20735,1000-1249
310M200US22220,22220,"Fayetteville, AR",483396,13,31.6,46,9.5,33347,84.4,15.6,11.7,2.5,23204,500-549
310M200US22380,22380,"Fayetteville, NC",135817,10,25.4,58.1,6.5,32091,75.7,24.3,7.8,1.1,17499,1000-1249
310M200US22420,22420,"Flagstaff, AZ",418654,19.8,31.8,42.8,5.6,30747,96.4,3.6,1.2,0.5,25485,500-549
310M200US22500,22500,"Flint, MI",206219,20.9,29.7,43.1,6.3,30671,96.6,3.4,2,0.4,11119,500-549
310M200US22520,22520,"Florence, AL",147271,15.1,26.9,53.5,4.5,31264,97.3,2.7,1.8,0.4,8884,400-449
310M200US22540,22540,"Florence, SC",101709,11.7,34,47.5,6.7,35874,94,6,3.8,0.9,2933,500-549
310M200US22660,22660,"Fond du Lac, WI",311435,6.7,20.4,61.2,11.7,36923,91.5,8.5,5.2,1.1,12476,800-899
310M200US22900,22900,"Fort Collins, CO",280394,19.1,38.8,38,4.1,28977,90.3,9.7,6.5,2,15361,400-449
310M200US23060,23060,"Fort Smith, AR",422029,18.4,29.7,42.8,9,34729,91.2,8.8,4.4,1.9,15942,550-599
310M200US23420,23420,"Fort Wayne, IN",948844,19,27.3,49,4.7,29048,56,44,33.5,6.4,27362,800-899
310M200US23460,23460,"Fresno, CA",104126,21.1,31.5,43.5,3.9,28900,96.8,3.2,2.1,0.4,7506,450-499
310M200US23540,23540,"Gadsden, AL",268707,7.2,12.7,64.6,15.6,34032,87.1,12.9,5.9,2.9,18163,1000-1249
310M200US23580,23580,"Gainesville, FL",185318,22.9,36.2,36.8,4.1,31019,73,27,24.4,1.2,7692,650-699
310M200US23900,23900,"Gainesville, GA",101566,10.4,36.5,46.1,7,34972,93.8,6.2,4.7,0.4,3122,750-799
310M200US24020,24020,"Gettysburg, PA",128298,16.8,38.7,36.9,7.6,33366,96.2,3.8,1.8,0.4,15965,700-749
310M200US24140,24140,"Glens Falls, NY",124093,19.3,30.2,46.8,3.7,29420,88.5,11.5,9.3,0.8,5594,300-349
310M200US24220,24220,"Goldsboro, NC",99774,5.4,20.8,65.2,8.7,35377,93.5,6.5,2.4,1.1,4065,800-899
310M200US24260,24260,"Grand Forks, ND",83426,21.4,37.8,36.8,3.9,30529,84.5,15.5,13.6,0.5,2621,350-399
310M200US24300,24300,"Grand Island, NE",147509,16.9,26.7,52.5,3.8,32515,93,7,5.7,0.4,4264,Margin of Error; Total: - $750 to $799
310M200US24340,24340,"Grand Junction, CO",1007329,12.8,26.5,50.2,10.6,33986,90.1,9.9,6.1,1.5,33976,650-699
310M200US24420,24420,"Grand Rapids, MI",83021,21,34.9,41.2,2.9,24922,95.1,4.9,3,0.5,3828,1500-1999
310M200US24500,24500,"Grants Pass, OR",81953,14.9,33.7,45.1,6.3,30300,96,4,1.2,0.8,3769,500-549
310M200US24540,24540,"Great Falls, MT",265066,14.7,29.5,49.1,6.7,36540,81.3,18.7,16.5,0.8,5535,800-899
310M200US24580,24580,"Greeley, CO",310726,16.8,31.5,43.7,8,35367,91.2,8.8,5.4,1.8,15556,450-499
310M200US24660,24660,"Green Bay, WI",735777,14.8,28.5,48.2,8.5,31890,88.5,11.5,6.7,2.1,35021,500-549
310M200US24780,24780,"Greensboro, NC",172438,7.5,18.2,63.4,10.9,33182,92.5,7.5,5.1,1,9417,450-499
310M200US24860,24860,"Greenville, NC",842817,16.2,26.6,48.5,8.7,32910,92,8,5.3,1,45008,650-699
310M200US25060,25060,"Greenville, SC",378972,16.9,32.7,46.1,4.2,31517,93.4,6.6,3.6,2,28090,600-649
310M200US25180,25180,"Gulfport, MS",256237,17.3,36.5,37.4,8.8,37079,93.9,6.1,3,1.1,10100,800-899
310M200US25220,25220,"Hagerstown, MD",124125,16.9,26.3,51.3,5.5,31703,94.9,5.1,3.3,0.6,6336,650-699
310M200US25260,25260,"Hammond, LA",151390,24.6,28.2,44.2,3,30358,57.8,42.2,37,2.6,3279,600-649
310M200US25420,25420,"Hanford, CA",555154,14,30.4,45.6,10,38109,90.9,9.1,3.2,1.7,20000,800-899
310M200US25500,25500,"Harrisburg, PA",128166,6.2,22.5,63.9,7.4,31298,85.8,14.2,9.2,0.9,6521,1500-1999
310M200US25540,25540,"Harrisonburg, VA",1215159,12.1,25.6,50,12.3,45998,79,21,10.1,2.3,38795,800-899
310M200US25620,25620,"Hartford, CT",146370,12,20.6,59.1,8.2,30735,96.5,3.5,2,0.7,8495,500-549
310M200US25860,25860,"Hattiesburg, MS",363936,20.1,33.7,41.5,4.8,28766,91.7,8.3,5.5,2.1,24289,400-449
310M200US25940,25940,"Hickory, NC",194495,13.9,43.4,36.8,5.9,30179,86.9,13.1,10.4,0.8,30257,1000-1249
310M200US25980,25980,"Hilton Head Island, SC",80456,13,45,39.2,2.7,32475,89.2,10.8,7.2,1.5,5140,1000-1249
310M200US26140,26140,"Hinesville, GA",139771,24.8,43.1,28.2,3.9,25995,93.9,6.1,2.7,0.8,17205,1250-1499
310M200US26300,26300,"Homosassa Springs, FL",96804,21.4,32.9,42.8,2.9,26449,94.6,5.4,3.4,0.5,10676,500-549
310M200US26380,26380,"Honolulu, HI",209402,25.6,37.9,31.4,5.1,35514,87.3,12.7,3.1,0.7,8374,700-749
310M200US26420,26420,"Hot Springs, AR",6204141,19.8,30.5,41.4,8.2,38315,62.2,37.8,29,4.5,249993,800-899
310M200US26580,26580,"Houma, LA",364514,13.4,34.2,44.3,8.1,31832,98.2,1.8,0.7,0.4,20534,450-499
310M200US26620,26620,"Houston, TX",430396,15,28.1,47.4,9.6,37417,93,7,3.7,1.4,18388,400-449
310M200US26820,26820,"Huntington, VW",136057,17.9,38.7,38.4,5,30716,90,10,8.6,0.3,4773,550-599
310M200US26900,26900,"Huntsville, AL",1931182,21.3,29.7,38.4,10.6,36282,91.1,8.9,5.1,1.3,91133,500-549
310M200US26980,26980,"Idaho Falls, ID",158708,4.4,17.4,62.2,15.9,39350,86.8,13.2,4.1,3.9,2884,800-899
310M200US27060,27060,"Indianapolis, IN",103179,2.8,13.6,68.1,15.5,38614,85.5,14.5,2.5,6.7,3482,1000-1249
310M200US27100,27100,"Iowa City, IA",159927,17.6,28.6,49.1,4.8,32007,96.7,3.3,1.8,0.4,8747,600-649
310M200US27140,27140,"Ithaca, NY",574998,17.5,27.2,46.7,8.6,32938,96,4,2.4,0.6,28143,500-549
310M200US27180,27180,"Jackson, MI",130233,10.6,28.5,54.5,6.4,31297,94.7,5.3,3.6,0.7,7932,500-549
310M200US27260,27260,"Jackson, MS",1380995,17.1,33.3,41.3,8.3,35053,88.7,11.3,5.2,2.4,89486,800-899
310M200US27340,27340,"Jackson, TN",182921,9.1,43.8,43.9,3.3,31653,91,9,6.3,1.5,11423,500-549
310M200US27500,27500,"Jacksonville, FL",160465,13.2,41.3,39,6.5,32840,91.5,8.5,6.4,0.7,4976,600-649
310M200US27620,27620,"Jacksonville, NC",150440,17.6,28.8,46.6,7,33919,95.9,4.1,1.9,0.5,7371,500-549
310M200US27740,27740,"Janesville, WI",200271,9.3,30.3,49.5,10.8,29823,96.1,3.9,2.4,0.5,10700,400-449
310M200US27780,27780,"Jefferson City, MO",140835,9.4,32.6,49.3,8.7,31176,96.8,3.2,1.4,0.4,7467,500-549
310M200US27860,27860,"Johnson City, TN",124194,10.9,33.5,47.4,8.2,29470,95.6,4.4,3,0.8,5453,350-399
310M200US27900,27900,"Johnstown, PA",175679,14.1,34.7,44.3,6.9,30266,93,7,4.9,1,7789,350-399
310M200US27980,27980,"Jonesboro, AR",158887,14.4,43.4,36.9,5.3,34147,78.9,21.1,1.9,17.4,17829,2000+
310M200US28020,28020,"Joplin, MO",330439,9.8,21,58.8,10.4,33770,92.3,7.7,4.1,1,18607,450-499
310M200US28100,28100,"Kahului, HI",112682,12,30.9,50.3,6.7,35662,91.4,8.6,6.6,0.5,3759,600-649
310M200US28140,28140,"Kalamazoo, MI",2040869,14.8,31.2,42.1,11.8,38356,90.4,9.6,5.6,1.7,84204,500-549
310M200US28420,28420,"Kankakee, IL",266561,24.8,34.9,35.9,4.4,35719,72,28,23.9,1.8,5377,800-899
310M200US28660,28660,"Kansas City, MO",417887,11.2,42.1,41.3,5.4,34122,82.6,17.4,12.8,2,29161,800-899
310M200US28700,28700,"Kennewick, WA",308800,12.6,39.3,41.1,7,29628,97.6,2.4,1.4,0.3,17512,500-549
310M200US28740,28740,"Killeen, TX",181598,11.5,28.9,49.4,10.1,37053,88,12,6.2,1.1,14350,800-899
310M200US28940,28940,"Kingsport, TN",847765,12.6,32.8,45.6,9,32781,95,5,2.5,0.9,42936,400-449
310M200US29020,29020,"Kingston, NY",82914,22.7,32.8,37,7.4,31684,95.5,4.5,2.4,0.9,4245,500-549
310M200US29100,29100,"Knoxville, TN",135329,6,28.8,56.3,8.9,35185,94.2,5.8,1.6,3.1,3296,600-649
310M200US29180,29180,"Kokomo, IN",475457,19.6,31.5,42.9,6,34125,84.5,15.5,2.8,1.2,21458,500-549
310M200US29200,29200,"La Crosse, WI",207013,4.9,24.8,58.2,12.1,33066,86.8,13.2,6,4.6,7594,600-649
310M200US29340,29340,"Lafayette, IN",201656,16.3,34,44,5.7,33530,92.6,7.4,2.1,0.7,10300,650-699
310M200US29420,29420,"Lafayette, LA",202482,25.1,37.7,33.8,3.4,25816,88.4,11.6,9.2,0.7,31052,550-599
310M200US29460,29460,"Lake Charles, LA",617323,22.6,35.2,37.7,4.6,30418,80.7,19.3,15.6,1.2,61061,800-899
310M200US29540,29540,"Lake Havasu City, AZ",526839,19,35.6,37.4,8,35579,84.4,15.6,6.5,1.5,10269,1000-1249
310M200US29620,29620,"Lakeland, FL",467122,7.1,19.1,61.7,12,35735,90.6,9.4,3.2,2.8,17433,650-699
310M200US29700,29700,"Lancaster, PA",259471,21.6,30.4,44,4.1,24642,8.8,91.2,90.6,0.4,7006,600-649
310M200US29740,29740,"Lansing, MI",212942,16.4,21.1,57,5.5,24976,48.6,51.4,49.3,0.7,8365,1250-1499
310M200US29820,29820,"Laredo, TX",2003613,21,36.1,38.3,4.7,33451,66.3,33.7,23.1,6.9,135716,1000-1249
310M200US29940,29940,"Las Cruses, NM",113703,3.8,12.4,69.7,14.1,35598,90.2,9.8,3.1,3.5,3610,650-699
310M200US30020,30020,"Las Vegas, NV",131804,13.1,41.8,37.7,7.3,31342,89.3,10.7,5.1,1.8,7809,700-749
310M200US30140,30140,"Lawrence, KS",135184,18.9,32,41,8.1,36067,89.5,10.5,7,0.8,4050,650-699
310M200US30300,30300,"Lawton, OK",61610,14.2,35.5,44.4,5.9,30783,96.1,3.9,1.6,0.5,1725,600-649
310M200US30340,30340,"Lebanon, PA",107470,12.5,36.2,44.6,6.8,32218,87.9,12.1,1.1,0.7,4796,800-899
310M200US30460,30460,"Lewiston, ID",483997,9,25.8,52.2,13.1,33838,90.7,9.3,5.1,1.8,19627,500-549
310M200US30620,30620,"Lewiston, ME",105562,16.7,31,46.1,6.2,30416,97.2,2.8,1.3,0.5,4739,500-549
310M200US30700,30700,"Lexington, KY",310665,5.8,18.2,63.6,12.4,35638,89.4,10.6,3.9,3.1,6920,400-449
310M200US30780,30780,"Lima, OH",716849,13.4,29.8,47.3,9.4,35193,93.9,6.1,3.8,1,38985,500-549
310M200US30860,30860,"Lincoln, NE",128807,5.3,22.1,65.2,7.4,30112,87.3,12.7,8.9,1.9,3059,500-549
310M200US30980,30980,"Little Rock, AR",216746,18.2,32.1,45,4.7,31614,86.2,13.8,12.1,0.8,10804,500-549
310M200US31020,31020,"Logan, UT",102072,20.8,35.2,40.9,3.1,32947,92.6,7.4,4.7,1.2,3686,550-599
310M200US31080,31080,"Longview, TX",13060534,15.5,26.7,48.1,9.8,35310,45.9,54.1,36.4,11.6,275865,1000-1249
310M200US31140,31140,"Longview, WA",1253305,17.2,34,40.2,8.7,34911,93.3,6.7,3.4,1.1,51970,650-699
310M200US31180,31180,"Los Angeles, CA",298578,8.7,19.5,62.2,9.7,31437,77.5,22.5,19.7,1.3,12330,800-899
310M200US31340,31340,"Louisville, KY",255440,8.3,26.7,55.5,9.5,32578,95.7,4.3,1.7,1.1,14649,700-749
310M200US31420,31420,"Lubbock, TX",231956,20.4,34.4,39.2,6.1,31289,95.9,4.1,2.2,0.6,17601,500-549
310M200US31460,31460,"Lynchburg, VA",152452,30.9,28.6,39.1,1.4,25349,56,44,40.7,1,6776,800-899
310M200US31540,31540,"Macon, GA",620368,8.2,24.3,49.3,18.2,39837,89.6,10.4,4.5,3,15711,700-749
310M200US31700,31700,"Madera, CA",402776,12.9,31.8,41.7,13.7,43861,87.1,12.9,4.1,1.9,12518,1000-1249
310M200US31740,31740,"Madison, WI",96816,2.4,21.1,69.1,7.5,35104,92.7,7.3,2.7,2.5,3654,800-899
310M200US31860,31860,"Manchester, NH",97643,3.7,15.7,72.4,8.2,36025,94,6,2.1,1.1,2523,700-749
310M200US31900,31900,"Manhattan, KS",122813,21.6,40.6,33.1,4.7,30496,96.7,3.3,0.8,0.1,6210,400-449
310M200US32580,32580,"Mankato, NM",806447,23.5,29.2,42.5,4.8,22506,15,85,83.8,0.7,33811,400-449
310M200US32780,32780,"Mansfield, OH",206583,13.6,39.2,42.7,4.5,27543,90.6,9.4,7.3,0.8,8331,750-799
310M200US32820,32820,"McAllen, TX",1337014,18.2,32.8,41.2,7.8,34065,92.4,7.6,4.5,1.3,69930,450-499
310M200US32900,32900,"Medford, OR",261609,13.9,30.1,53.1,2.9,26847,48.1,51.9,42.4,4.5,7387,800-899
310M200US33100,33100,"Memphis, TN",5775204,17.2,29.5,44.9,8.4,31476,48.6,51.4,40.1,1.3,445029,1000-1249
310M200US33140,33140,"Merced, CA",111293,23.3,39,34.6,3.1,32260,94.5,5.5,3.9,0.3,5859,500-549
310M200US33220,33220,"Miami, FL",83620,12.4,32.7,45.8,9.1,35615,95.2,4.8,1.2,1.6,2386,Margin of Error; Total: - $550 to $599
310M200US33260,33260,"Michigan City, IN",151483,20.5,35.6,37.3,6.6,41431,69,31,28.7,1.1,4398,1500-1999
310M200US33340,33340,"Midland, MI",1565368,14.3,28.2,45.9,11.6,38497,87.6,12.4,7.1,1.9,48748,500-549
310M200US33460,33460,"Midland, TX",3424786,13.3,26.2,45.8,14.7,42955,86.5,13.5,4.4,4.4,77091,1000-1249
310M200US33540,33540,"Milwaukee, WI",111011,9.3,27.1,53.8,9.8,30419,95.5,4.5,1.9,0.8,4779,750-799
310M200US33660,33660,"Minneapolis, MN",414045,21.3,31,40.5,7.2,31986,95,5,2.3,1.3,25877,500-549
310M200US33700,33700,"Missoula, MT",522794,13.4,37.4,45.8,3.4,31605,59.5,40.5,31.7,2.8,11808,1000-1249
310M200US33740,33740,"Mobile, AL",177908,18.3,31.4,45.6,4.7,31419,97.4,2.6,1.6,0.4,10314,400-449
310M200US33780,33780,"Modesto, CA",150851,13.5,35.3,45.6,5.6,36859,96.7,3.3,1.4,0.4,4861,800-899
310M200US33860,33860,"Monroe, LA",375225,21.6,32.1,39.5,6.7,33085,95.4,4.6,2.3,1.3,20779,700-749
310M200US34060,34060,"Monroe, MI",134052,5,25.5,55.4,14,34093,95.4,4.6,1.4,1.3,9527,500-549
310M200US34100,34100,"Montgomery, AL",115029,12.5,41,41.7,4.8,28444,92.7,7.3,6.1,0.4,6207,400-449
310M200US34580,34580,"Morgantown, WV",118364,28,32.9,35.5,3.6,34324,85.3,14.7,11.4,1.3,6351,2000+
310M200US34620,34620,"Morristown, TN",117441,8.8,20.4,62.8,8,30714,96.8,3.2,1.4,0.6,6113,400-449
310M200US34740,34740,"Mount Vernon, WA",171328,18.9,36,41.5,3.6,29812,95.8,4.2,2.4,0.4,8479,500-549
310M200US34820,34820,"Muncie, IN",396187,16.8,32.7,43.4,7.1,26617,92.5,7.5,4.9,0.8,104320,2000+
310M200US34900,34900,"Muskegon, MI",139253,15.8,29.8,48.4,6,39383,64.6,35.4,27.9,4.7,5372,2000+
310M200US34940,34940,"Myrtle Beach, SC",334474,21.8,36.8,35.4,5.9,29111,68.1,31.9,23.2,1,73487,800-899
310M200US34980,34980,"Napa, CA",1730515,12.6,32.3,43.2,11.9,35575,90,10,5.7,1.5,61101,650-699
310M200US35100,35100,"Naples, FL",127820,12.6,40.8,42.6,4,30158,92.2,7.8,5.1,1.9,8786,500-549
310M200US35300,35300,"Nashville, TN",863148,13.2,29.6,43.7,13.4,42783,78.5,21.5,12.1,2.3,35116,800-899
310M200US35380,35380,"New Bern, NC",1226440,19.8,29.1,41.6,9.5,35081,88.8,11.2,6.5,2.2,79411,800-899
310M200US35620,35620,"New Haven, CT",19865045,14.1,25.8,44.3,15.9,43522,61.5,38.5,19.5,6.1,729575,1000-1249
310M200US35660,35660,"New Orleans, LA",155992,18.4,34.7,40.4,6.6,31044,92.2,7.8,3.7,1.1,16490,500-549
310M200US35840,35840,"New York City, NY",722784,20.1,38.1,36.2,5.6,30921,85.4,14.6,9,1,98369,2000+
310M200US35980,35980,"Niles , MI",274071,9.2,36.7,41.7,12.3,41991,86.6,13.4,6.1,2.7,14214,1000-1249
310M200US36100,36100,"North Port, FL",334771,23.5,39.2,34.3,3,26683,88.2,11.8,9.2,0.7,30594,650-699
310M200US36140,36140,"Norwich, CT",96286,13,34.4,43.1,9.4,36458,89.9,10.1,5.2,0.8,57561,1000-1249
310M200US36220,36220,"Ocala, FL",144932,25.3,34.8,34.2,5.7,36795,56,44,42.4,0.7,4334,800-899
310M200US36260,36260,"Ocean City, NJ",614521,14.6,35.2,46.2,4,37181,89.5,10.5,7.7,1.3,12525,650-699
310M200US36420,36420,"Odessa, TX",1297998,14.7,29.1,47.3,8.9,34136,87.3,12.7,8.7,2.3,57080,500-549
310M200US36500,36500,"Ogden, UT",259330,15.8,30.3,46.9,7,41685,88.9,11.1,4.3,4.7,8543,1000-1249
310M200US36540,36540,"Oklahoma City, OK",886157,13,26.9,48,12.1,37132,89.1,10.9,7,1.4,27366,800-899
310M200US36740,36740,"Olympia, WA",2226835,14.1,26.5,49.7,9.7,31331,70.1,29.9,22.1,2.2,175536,1000-1249
310M200US36780,36780,"Omaha, NE",168413,7.6,29.2,56.6,6.7,36302,94.8,5.2,2.3,1.6,5277,600-649
310M200US36980,36980,"Orlando, FL",115795,12.2,30.1,51.1,6.6,32064,96.7,3.3,2.1,0.4,4857,400-449
310M200US37100,37100,"Oshkosh, WI",835790,14.1,28.1,50.2,7.6,39641,61.8,38.2,30.2,4.5,15218,2000+
310M200US37340,37340,"Owensboro, KY",548891,14.6,30.7,46.8,7.8,32083,89.8,10.2,5.8,1.3,49423,600-649
310M200US37460,37460,"Oxnard, CA",188769,18.8,31.3,43.7,6.2,30105,94,6,2.8,1.6,36254,1000-1249
310M200US37620,37620,"Palm Bay, FL",92405,17.4,34.9,42.6,5.1,30936,98.3,1.7,0.8,0.5,5125,400-449
310M200US37860,37860,"Panama City, FL",462339,13.8,33.8,45.9,6.5,32045,92.6,7.4,3.2,2,33772,1000-1249
310M200US37900,37900,"Parkersburg, WV",380241,13.6,29.1,47.2,10.1,36769,94.7,5.3,2.3,1.1,12849,500-549
310M200US37980,37980,"Pensacola, FL",6015336,13.3,30.8,42.7,13.2,42482,84.8,15.2,6.4,3.4,211100,1000-1249
310M200US38060,38060,"Peoria, IL",4337542,18.1,31.5,42.9,7.5,36513,74.2,25.8,20.1,2.3,269793,800-899
310M200US38220,38220,"Philadelphia, PA",97365,18.2,31.1,46.2,4.5,30626,97,3,1.8,0.3,6106,350-399
310M200US38300,38300,"Phoenix, AZ",2358793,11.3,28.6,44.4,15.7,37162,94.9,5.1,1.1,1.2,113984,500-549
310M200US38340,38340,"Pine Bluff, AR",130064,12,28.9,49.5,9.6,33688,92.3,7.7,3.3,0.8,13060,650-699
310M200US38540,38540,"Pittsburgh, PA",83394,9.4,32.9,51.2,6.5,29117,93,7,3.4,0.9,2995,250-299
310M200US38860,38860,"Pittsfield, MA",518387,10.3,31.1,45.1,13.5,36524,92.6,7.4,1.2,1.2,50136,800-899
310M200US38900,38900,"Pocatello, ID",2288796,14.3,29.6,46.6,9.5,36879,82.3,17.7,8.3,4.6,55810,800-899
310M200US38940,38940,"Port, FL",433646,20.9,33.7,39.6,5.8,30091,81.9,18.1,12.8,0.9,47589,800-899
310M200US39140,39140,"Portland, ME",213689,23.1,26.5,46.4,3.9,27031,89.8,10.2,7.8,0.3,19783,800-899
310M200US39300,39300,"Portland, OR",1604317,11.7,29.2,47.4,11.7,39953,79,21,8.9,1.9,73091,800-899
310M200US39340,39340,"Prescott, AZ",550774,9.7,20.5,62.6,7.2,35175,86.9,13.1,9.4,1.7,7541,1000-1249
310M200US39380,39380,"Providence, RI",160757,21.4,28.6,43.9,6.1,31047,85.1,14.9,12.9,0.4,6955,550-599
310M200US39460,39460,"Provo, UT",163151,22.9,38,34.4,4.7,26387,89.2,10.8,5.6,1,30011,750-799
310M200US39540,39540,"Pueblo, CO",195039,19.8,36,37.5,6.6,37008,91.4,8.6,6.4,0.7,7145,650-699
310M200US39580,39580,"Punta Gorda, FL",1189579,14.4,23.4,48.9,13.3,40302,84.4,15.6,8.8,2.7,40147,1000-1249
310M200US39660,39660,"Racine, WI",139040,14.4,30.6,50.2,4.8,31478,95.9,4.1,1.4,0.7,6680,600-649
310M200US39740,39740,"Raleigh, NC",413016,15,34.4,43.2,7.4,36803,82.9,17.1,13.1,0.9,10965,500-549
310M200US39820,39820,"Rapid City, SD",178520,12.3,27.5,55.8,4.5,31231,91.6,8.4,4.6,1.9,8686,1000-1249
310M200US39900,39900,"Reading, PA",433919,15.7,27,48.5,8.8,34053,76.9,23.1,16.7,3.7,21397,1000-1249
310M200US40060,40060,"Redding, CA",1234058,13.3,31.5,43.8,11.4,39446,90.2,9.8,4.4,2.1,48703,1000-1249
310M200US40140,40140,"Reno, NV",4345485,17.4,34.4,43.3,5,33838,59.5,40.5,33.4,4.4,216171,1000-1249
310M200US40220,40220,"Richmond, VA",310934,12.1,35.8,43.8,8.4,34352,93.7,6.3,2.8,0.9,16414,600-649
310M200US40340,40340,"Riverside, CA",210004,14.9,28,43,14.1,40497,90.1,9.9,2.9,2.8,6268,800-899
310M200US40380,40380,"Roanoke, VA",1082578,12,24.8,52,11.2,37135,89.2,10.8,4.6,1.8,42545,800-899
310M200US40420,40420,"Rochester, MN",346031,19.8,34.3,38.2,7.7,33449,86.2,13.8,9.6,1.5,14074,500-549
310M200US40580,40580,"Rochester, NY",150953,25.2,30.2,38.5,6.1,28859,94.1,5.9,4.8,0.3,8926,400-449
310M200US40660,40660,"Rockford, IL",96146,19.8,30.7,42.4,7.1,29214,90,10,8.5,0.5,5681,400-449
310M200US40900,40900,"Rocky Mount, NC",2197422,12.4,28.7,51,8,39571,72.6,27.4,12.3,8,86313,800-899
310M200US40980,40980,"Rome, GA",197727,15.8,28,50.2,6,30588,94.9,5.1,2.5,0.8,9225,550-599
310M200US41060,41060,"Sacramento, CA",190708,7.4,16.6,68.6,7.4,35645,93.2,6.8,2.1,1.3,6443,1000-1249
310M200US41100,41100,"Saginaw, MI",144844,14,34.5,47.8,3.7,28454,91.3,8.7,6.4,1,11892,700-749
310M200US41140,41140,"Salem, OR",127637,17.9,35.7,40.5,6,31233,95.6,4.4,2.5,0.7,6612,450-499
310M200US41180,41180,"Salinas, CA",2797737,13.8,28.7,46.5,11,37749,93.7,6.3,2,1.4,126988,600-649
310M200US41420,41420,"Salisbury, MD",396912,15.9,34.5,45.3,4.3,30012,77.4,22.6,17.9,1.8,10015,650-699
310M200US41500,41500,"Salt Lake City, UT",424927,23.1,26.9,45.3,4.8,29492,47.2,52.8,46.2,3.9,14479,1000-1249
310M200US41540,41540,"San Angelo, TX",381868,14.2,31.5,46.7,7.5,32909,90.7,9.3,5.6,1,90546,2000+
310M200US41620,41620,"San Antonio, TX",1123643,14.8,31.8,46.6,6.9,35558,80.5,19.5,12.7,3.3,23220,1000-1249
310M200US41660,41660,"San Diego, CA",115142,11.9,32.3,49.6,6.2,29940,76.3,23.7,22.4,0.7,4908,600-649
310M200US41700,41700,"San Francisco, CA",2239222,17,31.9,44.2,6.9,33151,62.2,37.8,34.5,1.5,79380,800-899
310M200US41740,41740,"San Jose, CA",3183143,11.4,31.3,47.6,9.7,39671,62.7,37.3,24.6,8,91090,1000-1249
310M200US41860,41860,"San Luis, CA",4466251,11.4,24.4,48.5,15.7,48583,59.5,40.5,16.2,16.8,112428,1500-1999
310M200US41940,41940,"Santa Cruz, CA",1898457,11.5,26.1,46.9,15.4,52210,48.8,51.2,19.4,22.7,26562,2000+
310M200US42020,42020,"Santa Fe, NM",274184,6,19.4,66.9,7.6,36804,81.9,18.1,14.1,1.7,15859,2000+
310M200US42100,42100,"Santa Maria, CA",267203,8.2,22.1,61.5,8.2,37828,68.4,31.6,25.9,2.6,10652,2000+
310M200US42140,42140,"Santa Rosa, CA",146361,28.1,25.4,39.3,7.1,32793,64.6,35.4,31.6,0.8,10241,900-999
310M200US42200,42200,"Savannah, GA",431555,12.6,18.3,60.4,8.7,34637,60.4,39.6,32.7,3.4,11537,1500-1999
310M200US42220,42220,"Scranton, PA",491790,13.9,27.5,52.9,5.7,38423,74.3,25.7,19.6,2.7,18824,1000-1249
310M200US42340,42340,"Seattle, WA",361161,16.4,30.2,46.8,6.6,34092,92.4,7.6,4.3,1.5,20582,1000-1249
310M200US42540,42540,"Sebastian, FL",562644,12.8,27.9,49,10.4,33093,91.3,8.7,5.1,0.6,33029,450-499
310M200US42660,42660,"Sebring, FL",3557037,14.6,28.2,43.4,13.7,44425,77.8,22.2,6.4,8.9,102720,1000-1249
310M200US42680,42680,"Sheboygan, WI",140918,23.1,33.6,38.1,5.2,27178,85.7,14.3,10,0.6,19444,650-699
310M200US42700,42700,"Sherman, TX",98261,36.6,30.1,31.8,1.5,23218,81.2,18.8,15.9,1.1,15268,500-549
310M200US43100,43100,"Shreveport, City",115168,14,38.2,37.7,10.1,34801,90.1,9.9,4,3.9,4266,500-549
310M200US43300,43300,"Sierra Vista, AZ",121975,23.4,25.7,46.8,4.1,32809,89.8,10.2,8.5,0.5,7324,550-599
310M200US43340,43340,"Sioux City, IA",445305,22.3,32.2,39.5,6.1,32642,95.6,4.4,2.4,0.8,25093,550-599
310M200US43420,43420,"Sioux Falls, SD",130807,18.8,36.3,40.4,4.5,30005,72.3,27.7,24.1,1.4,10956,400-449
310M200US43580,43580,"South Bend, IN",168824,16.1,32.7,45.4,5.9,31817,85.1,14.9,11.8,1.7,4724,700-749
310M200US43620,43620,"Spartanburg, SC",238294,15.1,27.5,47.4,10,35385,92.1,7.9,3.2,1,6260,650-699
310M200US43780,43780,"Spokane, WA",318917,15.5,31.5,44,9.1,31619,91.6,8.4,4.9,0.9,19495,550-599
310M200US43900,43900,"Springfield, IL",317057,15.6,32.7,43.5,8.2,31776,91.1,8.9,5.1,1.4,17345,400-449
310M200US44060,44060,"Springfield, MA",533456,12.2,28.8,51,8,33959,92.8,7.2,2,1.5,21861,550-599
310M200US44100,44100,"Springfield, MO",211466,13.8,26.6,46.2,13.4,37407,95.2,4.8,1.6,0.9,7750,650-699
310M200US44140,44140,"Springfield, OH",626775,13.1,22,57.2,7.7,39482,79,21,13.2,1.6,18247,800-899
310M200US44180,44180,"St. Cloud, MN",444728,10,26.4,54.7,8.9,30751,95,5,1.8,0.9,17169,450-499
310M200US44220,44220,"St. George, UT",137303,19,32.5,44.1,4.4,31444,95.9,4.1,2.5,0.4,6277,500-549
310M200US44300,44300,"St. Joseph, MO",156240,5,22.8,62.4,9.8,35749,90,10,1.6,3.9,6760,1500-1999
310M200US44420,44420,"St. Louis, MO",119016,12.6,47.1,33.9,6.4,31908,96.3,3.7,2.1,0.3,5596,500-549
310M200US44700,44700,"State College, PA",701050,19.8,31,44.4,4.8,32916,60,40,26.1,8.9,18267,1000-1249
310M200US44940,44940,"Staunton, VA",107782,21.4,26,46.9,5.6,29132,94.7,5.3,3.1,0.9,6473,500-549
310M200US45060,45060,"Stockton, CA",662236,10.5,23,55.4,11.2,37768,91.6,8.4,2.6,1.7,32121,500-549
310M200US45220,45220,"Sumter, SC",373097,8.9,17,62.6,11.5,35310,90.6,9.4,4.6,1.5,20203,1000-1249
310M200US45300,45300,"Syracuse, NY",2851235,16.3,32.4,43.4,8,33726,80.5,19.5,13.2,2,227894,800-899
310M200US45460,45460,"Tallahassee, FL",172240,14.3,31.3,48.2,6.2,30757,96,4,1.8,0.8,10081,350-399
310M200US45500,45500,"Tampa, FL",149457,17.1,39.2,40.7,3,30733,95.2,4.8,3.5,0.6,8694,400-449
310M200US45540,45540,"Terre Haute, IN",103708,34.3,41.3,22.6,1.8,22157,92.8,7.2,4.6,0.5,12643,2000+
310M200US45780,45780,"Texarkana, TX",608847,12.8,25.9,52.5,8.8,33576,94.2,5.8,2.6,0.9,29291,450-499
310M200US45820,45820,"The Villages, FL",234195,15.2,32.6,43.7,8.5,34512,93.2,6.8,4.9,0.6,9968,500-549
310M200US45940,45940,"Toledo, OH",369526,12,26.3,50.8,10.9,46211,71.3,28.7,13.3,5.2,12594,1000-1249
310M200US46060,46060,"Topeka, KS",993144,15.5,27.2,49.9,7.4,31773,71.4,28.6,23.7,1.8,58409,550-599
310M200US46140,46140,"Trenton, NJ",954055,18.8,33.5,40.2,7.5,34652,90.5,9.5,6.5,1.4,45844,500-549
310M200US46220,46220,"Tucson, AZ",233692,11.4,24.3,56.4,7.9,32250,94.9,5.1,3.1,0.8,21573,600-649
310M200US46340,46340,"Tulsa, OK",214735,15.8,28.8,47.1,8.3,32384,82.8,17.2,15.1,1,8717,500-549
310M200US46520,46520,"Tuscaloosa, AL",975690,7,36.7,47.7,8.6,39918,72.5,27.5,1.9,24.1,29689,1500-1999
310M200US46540,46540,"Tyler, TX",298273,13.1,28.3,49.6,9.1,33859,89.5,10.5,2.9,1.9,20027,650-699
310M200US46660,46660,"Utica, NY",142655,16,27,52,4.9,28340,93.4,6.6,4.3,0.6,7248,400-449
310M200US46700,46700,"Valdosta, GA",421624,14.5,32.5,47.3,5.7,41366,70.5,29.5,16.5,9.8,11248,1000-1249
310M200US47020,47020,"Vallejo, CA",96312,22.1,35.9,37,5,32449,76.1,23.9,21.8,0.8,4117,650-699
310M200US47220,47220,"Victoria, TX",157429,19.1,41.3,32.5,7.1,31500,74,26,22.1,0.6,5731,800-899
310M200US47260,47260,"Vineland, NJ",1697898,10.2,32.7,49.1,8,37552,91.2,8.8,3.9,2.5,69884,1000-1249
310M200US47300,47300,"Virginia Beach, VA",451108,22.9,33.1,41.4,2.6,25999,49.7,50.3,46.2,2.5,11163,800-899
310M200US47380,47380,"Visalia, CA",257241,13.7,24.9,53.5,7.8,30465,80.9,19.1,16.6,1.1,12563,600-649
310M200US47460,47460,"Waco, TX",63507,16,28.3,50.9,4.8,30514,81.2,18.8,15.6,1.4,2370,500-549
310M200US47580,47580,"Walla Walla, WA",184652,13.4,34.4,46.4,5.9,34564,91.3,8.7,5.7,1.3,9142,550-599
310M200US47900,47900,"Warner, GA",5863608,13.1,26.7,42.6,17.6,53213,73.2,26.8,11.9,5.8,154004,1500-1999
310M200US47940,47940,"Waterloo, IA",168831,6.9,20.7,64,8.4,34345,93.7,6.3,2.4,0.8,5062,400-449
310M200US48060,48060,"Watertown, NY",118885,8.3,42.3,43.4,6.1,33335,92.3,7.7,3.6,1.1,13486,1000-1249
310M200US48140,48140,"Wausau, WI",134886,12.7,40.9,40.5,5.9,34897,91.9,8.1,2.1,4.3,4648,600-649
310M200US48260,48260,"Weirton, WV",122666,11.5,29.5,51.9,7.1,30634,97.8,2.2,0.7,0.2,6823,400-449
310M200US48300,48300,"Wenatchee, WA",112847,22.1,34.4,39.3,4.1,30367,74,26,24.1,0.4,10532,750-799
310M200US48540,48540,"Wheeling, WV",146465,16,33.3,43.5,7.2,29167,97.8,2.2,0.8,0.3,8847,400-449
310M200US48620,48620,"Wichita Falls, TX",636095,16.1,28.4,46.6,8.9,35254,88,12,7.7,2.5,26732,350-399
310M200US48660,48660,"Wichita, KS",151202,9.7,37.1,46.2,7.1,32262,87.9,12.1,9.5,1.5,9725,650-699
310M200US48700,48700,"Williamsport, PA",116676,13.4,33.5,45.1,7.9,31559,96.6,3.4,1.4,0.3,6578,500-549
310M200US48900,48900,"Wilmington, NC",263804,11.4,23.9,54.1,10.6,32859,92.8,7.2,5,0.9,22617,1000-1249
310M200US49020,49020,"Winchester, VA",131082,16.5,36.1,39,8.4,35478,91.3,8.7,6.5,0.8,7017,700-749
310M200US49180,49180,"Winston-Salem, NC",648045,18.7,34.6,37.3,9.5,32374,89,11,8.6,1,32596,500-549
310M200US49340,49340,"Worcester, MA",924722,11.2,31.4,44.7,12.7,42527,82.1,17.9,7.9,2.5,32412,800-899
310M200US49420,49420,"Yakima, WA",246402,31.5,38.7,26.4,3.4,26848,60.2,39.8,38.2,0.7,6289,500-549
310M200US49620,49620,"York, PA",438052,14.7,40.2,36,9.2,37448,93.2,6.8,4.2,0.8,11534,800-899
310M200US49660,49660,"Youngstown, OH",559144,17.1,36.4,39.9,6.7,30510,94.3,5.7,1.9,0.5,28712,450-499
310M200US49700,49700,"Yuba City, CA",168126,18.4,33.5,44.1,4,30500,67.5,32.5,19.8,4,5368,700-749
310M200US49740,49740,"Yuma, AZ",201453,20.9,32.7,43.4,2.9,26153,47.9,52.1,49.9,0.9,18908,800-899
